country,mean_favour,ci95,p_value,n_clusters,p_adjusted,significant
Venezuela,0.9379905827191413,0.11249787981791061,1.453138929606828e-09,13,5.315565741359979e-09,True
China,0.5649120219710734,0.071824204740374,2.8417446287216175e-09,13,5.683489257443235e-09,True
Japan,0.4773760452312926,0.05884847080647718,1.9933371530099924e-09,13,5.315565741359979e-09,True
Canada,0.14235021079603377,0.069486972961689,0.0017140836184968552,13,0.0019589527068535487,True
Indonesia,0.03718603006649367,0.11644166227452434,0.5430815124034081,13,0.5430815124034081,False
Australia,-0.28641745225101917,0.06852022037438057,2.9436428501414764e-06,13,3.9248571335219685e-06,True
France,-0.28780742905827356,0.06364248538027051,1.2969054429051005e-06,13,2.0750487086481607e-06,True
America,-1.5855900094747417,0.10285967049961292,1.082369041985402e-12,13,8.658952335883216e-12,True
