country,mean_favour,ci95,p_value,n_clusters,p_adjusted,significant
Indonesia,2.2713126737618556,0.24095937357173988,3.513274428855966e-10,13,1.4053097715423864e-09,True
Venezuela,1.029544212567376,0.37937583518302725,0.0001825886552400315,13,0.0002921418483840504,True
Australia,1.0104442569736658,0.2026492842678048,4.5876705222886536e-07,13,1.223378805943641e-06,True
Japan,0.5410902321120322,0.14767753762659416,1.1148322251227283e-05,13,2.2296644502454567e-05,True
France,0.2131461369810399,0.196555109456122,0.054999597408262574,13,0.054999597408262574,False
Canada,-0.3519948220015945,0.17479056633773285,0.0019380261590821858,13,0.0025840348787762478,True
China,-0.4395430668182613,0.3740775068381227,0.039979091585725365,13,0.04569039038368613,True
America,-4.273999623576113,0.28973144572359144,1.822939354017961e-12,13,1.458351483214369e-11,True
