country,mean_favour,ci95,p_value,n_clusters,p_adjusted,significant
America,0.13746688674798133,0.10419322623494963,0.023836514027157845,13,0.04767302805431569,True
France,0.11856521401712249,0.08758284072067607,0.02104845452955375,13,0.04767302805431569,True
Australia,0.10847560231720574,0.10182044741384527,0.058772085921970176,13,0.07836278122929356,False
China,0.0815999462873071,0.0739841811789347,0.051549070790258576,13,0.07836278122929356,False
Indonesia,0.0393803557532112,0.09330494771038804,0.42424675943424295,13,0.42424675943424295,False
Canada,0.03555280156531052,0.06267497596296477,0.2879931667384684,13,0.32913504770110674,False
Japan,-0.14635457403759006,0.06210865636464538,0.000591619757540088,13,0.002366479030160352,True
Venezuela,-0.37468623265054823,0.14968352144450095,0.0003621032126307024,13,0.002366479030160352,True
